work_order,date,mileage,service_type,technician,description,parts,hours,disposition,next_service_due
WO-072341,06/05/2024,54723,PM_A,"Alvarez, R. (M-3401)",A-service per SOP FL-14: engine oil and filter; chassis lube (14 zerks); fluid levels checked and topped; lighting audit; wiper blades; horn; walk-around safety inspection,Rotella T4 15W-40 (7 gal); Baldwin PT8397; Fram CA4309 pre-filter element,1.7,Released to service - no defects noted,"PM_A @ 61,000 mi"
WO-072498,06/26/2024,58713,DVIR_repair,"Nguyen, D. (M-3182)",Driver DVIR: front curbside destination sign flickering. R&R sign controller module; verified function across all routes in Owl block,Luminator MAX3000 controller P/N 7-4021,1.2,Repaired - DVIR cleared,n/a
WO-072612,07/10/2024,61373,PM_A,"Bautista, F. (M-3520)",A-service; oil and filter; chassis lube; belt and hose visual - condition satisfactory,Rotella T4 15W-40 (7 gal); Baldwin PT8397,1.5,Released to service,"PM_A @ 68,000 mi"
WO-072755,07/31/2024,65363,tire_rotation,"O'Rourke, K. (M-3287)","Rotate steer to drive positions; tread depth logged (steer 12/32, drive 14/32); lug torque 450 ft-lb; re-torque flagged @ 100 mi",-,0.9,Released - tread within spec,"Rotation @ 78,000 mi"
WO-072889,08/14/2024,68023,brake_inspection,"Alvarez, R. (M-3401)","Air-brake inspection per 49 CFR 396.25: lining thickness front 15/32, rear 17/32 (well above OEM replacement floor); leak-down 1 psi/min (spec <= 3); slack-adjuster stroke within limit; low-pressure warning and parking-brake tests pass",-,1.3,Passed - no adjustment required,"Brake inspection @ 92,000 mi"
WO-073014,08/28/2024,70683,PM_A,"Nguyen, D. (M-3182)",A-service; oil and filter; chassis lube; coolant reservoir topped (0.2 gal); DEF level full,Rotella T4; Baldwin PT8397; Prestone extended-life 50/50,1.6,Released to service,"PM_A @ 77,000 mi"
WO-073151,09/11/2024,73343,DVIR_repair,"Bautista, F. (M-3520)",Driver DVIR: HVAC cabin blower intermittent on speeds 1 and 2. R&R blower motor assembly; bench-tested all four speeds prior to reinstall; verified in-service,MCC blower assembly P/N HV-4488-B,2.4,Repaired - DVIR cleared,n/a
WO-073290,09/25/2024,76003,PM_A,"Alvarez, R. (M-3401)",A-service; oil and filter; chassis lube; wiper blade replacement driver side; horn function verified,"Rotella T4; Baldwin PT8397; Anco 24"" wiper blade",1.7,Released to service,"PM_A @ 82,000 mi"
WO-073422,10/09/2024,78663,DVIR_repair,"O'Rourke, K. (M-3287)","Driver DVIR: rear-yield ""stop-requested"" interior chime muted. Traced to corroded relay K-12; replaced relay; chime verified full volume",Bosch relay 12V P/N 0332019203,1.1,Repaired - DVIR cleared,n/a
WO-073573,10/23/2024,81323,PM_A,"Nguyen, D. (M-3182)","A-service; oil and filter; chassis lube; wheelchair ramp cycle test (both sides, 3 cycles each) - pass",Rotella T4; Baldwin PT8397,1.6,Released to service,"PM_A @ 88,000 mi"
WO-073715,11/06/2024,83983,tire_rotation,"Bautista, F. (M-3520)",Rotate steer to drive; two Bandag S12 recaps installed in inside drive positions; tread depth logged,Bandag S12 recap x2,1.4,Released - within spec,"Rotation @ 96,000 mi"
WO-073848,11/20/2024,86643,PM_A,"Alvarez, R. (M-3401)",A-service; oil and filter; chassis lube; battery load test both banks - pass; terminal cleaning,Rotella T4; Baldwin PT8397,1.5,Released to service,"PM_A @ 93,000 mi"
WO-074001,12/04/2024,89303,engine,"O'Rourke, K. (M-3287)",Cooling-system service: flush and refill; thermostat inspected; pressure test to 15 psi held 20 min; coolant sample sent to lab (analysis returned within normal wear-metal band),Prestone extended-life (12 gal); Cummins T/S P/N 4936026,3.2,Released to service,"Coolant service @ 149,000 mi"
WO-074145,12/18/2024,91963,PM_A,"Nguyen, D. (M-3182)","A-service; oil and filter; chassis lube; exterior lighting audit (marker, turn, brake, reverse, headlamp low/high) - all functional",Rotella T4; Baldwin PT8397,1.6,Released to service,"PM_A @ 98,000 mi"
WO-074310,01/08/2025,95953,PM_B,"Alvarez, R. (M-3401)","B-service (major): A-service items plus transmission fluid and filter, differential fluid, primary and secondary fuel filters, air filter element, belts and hoses inspected, air-dryer purge test - no defects",Allison TES-295; Baldwin BF7815; Fleetguard FF5324; Fleetguard FS19625; Rotella T4,5.8,Released to service,"PM_B @ 120,000 mi"
WO-074455,01/22/2025,98613,DVIR_repair,"Bautista, F. (M-3520)",Driver DVIR: rear cabin LED strip (starboard) flickering. R&R LED strip assembly; verified all 8 ceiling zones,Luminator LED strip P/N LS-40-04,1.3,Repaired - DVIR cleared,n/a
WO-074608,02/05/2025,101273,PM_A,"Alvarez, R. (M-3401)",A-service; oil and filter; chassis lube; fire-suppression system pressure gauge within green band; extinguisher tags current,Rotella T4; Baldwin PT8397,1.6,Released to service,"PM_A @ 108,000 mi"
WO-074761,02/19/2025,103933,brake_inspection,"Nguyen, D. (M-3182)","Air-brake inspection per 49 CFR 396.25: lining thickness front 13/32, rear 15/32; leak-down 1 psi/min; slack-adjuster stroke within limit; ABS lamp cycle pass",-,1.4,Passed - no adjustment required,"Brake inspection @ 128,000 mi"
WO-074903,03/05/2025,106593,PM_A,"O'Rourke, K. (M-3287)",A-service; oil and filter; chassis lube; farebox terminal firmware version logged (Genfare Odyssey 4.11.02); AVL data-link confirmed with dispatch,Rotella T4; Baldwin PT8397,1.5,Released to service,"PM_A @ 113,000 mi"
WO-075044,03/19/2025,109253,DVIR_repair,"Bautista, F. (M-3520)",Driver DVIR: rear passenger-side turn-signal lens cracked (curb strike suspected). R&R lens and seal; illumination and cadence verified,Grote 47892 lens; Grote 66562 seal,0.8,Repaired - DVIR cleared,n/a
WO-075182,04/02/2025,111913,PM_A,"Alvarez, R. (M-3401)",A-service; oil and filter; chassis lube; door-edge sensor verification curbside and street-side per SOP FL-19 (5 cycles each) - pass,Rotella T4; Baldwin PT8397,1.7,Released to service,"PM_A @ 118,000 mi"
WO-075321,04/16/2025,114573,tire_rotation,"Nguyen, D. (M-3182)","Rotate steer to drive; steer-tire replacement curbside position (removed tire at 6/32, below 8/32 ACTD steer-axle policy floor); torque and re-torque per 100-mi checklist","Michelin XZE2 315/80R22.5 (2 ea, steer axle)",2.6,Released - new steer tires within spec,"Rotation @ 128,000 mi"
WO-075460,04/30/2025,117233,PM_A,"Alvarez, R. (M-3401)",A-service; oil and filter; chassis lube; ADA kneel-and-ramp cycle test - pass; interior stanchion tightness check,Rotella T4; Baldwin PT8397,1.6,Released to service,"PM_A @ 123,000 mi"
WO-075611,05/14/2025,119893,DVIR_repair,"O'Rourke, K. (M-3287)",Driver DVIR: HVAC blower operator-side low fan-speed only. R&R blower resistor pack; verified all four speeds,MCC resistor pack P/N HV-3311-R,1.5,Repaired - DVIR cleared,n/a
WO-075766,05/28/2025,122553,PM_A,"Bautista, F. (M-3520)",A-service; oil and filter; chassis lube; 8-channel DVR camera system function verification against archive playback,Rotella T4; Baldwin PT8397,1.7,Released to service,"PM_A @ 128,000 mi"
WO-075912,06/11/2025,125213,engine,"Alvarez, R. (M-3401)","Scheduled Cummins ISL 8.9 oil-sample analysis (Blackstone) - sample within trend, no wear-metal excursion; valve-lash inspection per OEM 125K interval - measurements within spec, no adjustment required",Blackstone oil-analysis kit,3.9,Released to service,"Valve-lash @ 250,000 mi"
WO-076048,06/25/2025,127873,PM_A,"Nguyen, D. (M-3182)",A-service; oil and filter; chassis lube; door-lock/destination-sign integration test; operator seat suspension check,Rotella T4; Baldwin PT8397,1.6,Released to service,"PM_A @ 133,000 mi"
WO-076190,07/09/2025,130533,PM_B,"Alvarez, R. (M-3401)","B-service (major): A-service items plus transmission fluid and filter, differential fluid, air-dryer desiccant cartridge, alternator load test, all belts and hoses inspected - no defects",Allison TES-295; Baldwin BF7815; Bendix AD-9 desiccant kit; Fleetguard FF5324/FS19625; Rotella T4,6.1,Released to service,"PM_B @ 154,000 mi"
WO-076341,07/23/2025,133193,DVIR_repair,"O'Rourke, K. (M-3287)",Driver DVIR: farebox reader intermittent tap-card acknowledgment tone. Cleaned contact bezel; reseated harness; verified 25 successful reads across three fare products,Genfare Odyssey harness clip P/N GF-2244,1.0,Repaired - DVIR cleared,n/a
WO-076488,08/06/2025,135853,PM_A,"Bautista, F. (M-3520)",A-service; oil and filter; chassis lube; suspension air-bag visual and drop-test (all six positions) - no anomalies,Rotella T4; Baldwin PT8397,1.7,Released to service,"PM_A @ 141,000 mi"
WO-076612,08/13/2025,137183,DOT_annual,"Delaney, J. (M-3005) Foreman","Annual vehicle inspection per 49 CFR 396.17 and 396.21: brake system, coupling, exhaust, fuel, lighting, safe loading, steering, suspension, frame, tires, wheels/rims, windshield wipers, emergency exits, mirrors, horn, defroster/defogger, seat and belts. All checklist items PASS. Annual inspection decal PL-2026-4177 affixed to interior driver bulkhead.",CVSA-compliant annual inspection decal (2026 series),3.4,Passed - decal issued (expires 08/13/2026),DOT annual @ 08/13/2026
WO-076735,08/20/2025,138513,tire_rotation,"Nguyen, D. (M-3182)",Rotate steer to drive; tread depth all six positions logged; drive-axle balance check,-,1.2,Released - within spec,"Rotation @ 150,000 mi"
WO-076882,09/03/2025,141173,PM_A,"Alvarez, R. (M-3401)",A-service; oil and filter; chassis lube; wheelchair ramp cycle test - pass; passenger stanchion tightness check,Rotella T4; Baldwin PT8397,1.6,Released to service,"PM_A @ 147,000 mi"
WO-077022,09/17/2025,143833,brake_inspection,"Bautista, F. (M-3520)","Air-brake inspection per 49 CFR 396.25: lining thickness front 10/32, rear 12/32 (above OEM replacement threshold 5/32); leak-down 1 psi/min (spec <= 3 psi/min); slack-adjuster stroke within limit; ABS lamp function verified; parking-brake holding test - pass",-,1.4,Passed - no adjustment required,"Brake inspection @ 165,000 mi"
WO-077181,10/01/2025,146493,DVIR_repair,"O'Rourke, K. (M-3287)","Driver DVIR: right-side rearview mirror housing loose at pivot. Replaced pivot bolt and nyloc, torqued to spec; verified adjustment retention over 10-cycle test",Rosco pivot kit P/N RM-5590-K,0.7,Repaired - DVIR cleared,n/a
WO-077310,10/10/2025,148203,PM_A,"Alvarez, R. (M-3401)",A-service completed for Bus 4177 per SOP FL-14: engine oil and filter; chassis lube (14 zerks); all fluid levels checked and topped; exterior and interior lighting audit; wiper blades; horn; mirrors; ADA ramp cycle both sides (3 cycles each) - pass; DVIR log reviewed - no open items,Rotella T4 15W-40 (7 gal); Baldwin PT8397; Fram CA4309 pre-filter element,1.8,Released to service - no defects noted,"PM_A @ 155,000 mi"
